tcz	en	dice	tcz_freq
seth	seth	1.000	9
shem	shem	1.000	17
peleg	peleg	1.000	8
terah	terah	1.000	12
haran	haran	1.000	19
milcah	milcah	1.000	10
mamre	mamre	1.000	10
kiriath	kiriath	1.000	34
ephron	ephron	1.000	12
eliphaz	eliphaz	1.000	14
shobal	shobal	1.000	9
hezron	hezron	1.000	19
hormah	hormah	1.000	8
abiram	abiram	1.000	9
pisgah	pisgah	1.000	8
edrei	edrei	1.000	8
hepher	hepher	1.000	11
aroer	aroer	1.000	15
hinnom	hinnom	1.000	11
dagon	dagon	1.000	9
barak	barak	1.000	13
zalmunna	zalmunna	1.000	9
zebah	zalmunna	1.000	9
gilboa	gilboa	1.000	8
nathan	nathan	1.000	40
ahithophel	ahithophel	1.000	17
zabad	zabad	1.000	8
shealtiel	shealtiel	1.000	12
akkub	akkub	1.000	8
uzzi	uzzi	1.000	11
amariah	amariah	1.000	14
immer	immer	1.000	10
haggai	haggai	1.000	11
sherebiah	sherebiah	1.000	8
vashti	vashti	1.000	10
memphis	memphis	1.000	8
abednego	abednego	1.000	14
shadrach	abednego	1.000	14
belteshazzar	belteshazzar	1.000	8
sadducee	sadducees	1.000	14
zebedee	zebedee	1.000	11
ananias	ananias	1.000	10
philip	philip	0.985	34
zadok	zadok	0.980	49
ramoth	ramoth	0.980	25
joel	joel	0.976	20
ekron	ekron	0.974	19
perez	perez	0.973	18
kish	kish	0.973	19
cain	cain	0.971	18
libnah	libnah	0.971	18
tirzah	tirzah	0.970	16
asahel	asahel	0.970	16
omri	omri	0.970	17
hermon	hermon	0.968	16
keilah	keilah	0.968	15
gedaliah	gedaliah	0.967	29
mattaniah	mattaniah	0.966	14
eliashib	eliashib	0.966	14
obed	obed	0.963	28
hushai	hushai	0.963	14
iddo	iddo	0.963	13
mordecai	mordecai	0.962	54
hananiah	hananiah	0.962	25
miriam	miriam	0.960	12
saiha	ivory	0.960	12
lebanon	lebanon	0.959	59
meshullam	meshullam	0.958	23
darius	darius	0.958	24
sodom	sodom	0.957	46
enoch	enoch	0.957	11
ezer	ezer	0.957	11
abihu	abihu	0.957	11
dibon	dibon	0.957	12
ziklag	ziklag	0.957	11
tabor	tabor	0.957	12
harim	harim	0.957	12
thomas	thomas	0.957	12
leah	leah	0.955	35
sihon	sihon	0.955	33
japheth	japheth	0.952	10
padan	paddan	0.952	10
bilhah	bilhah	0.952	10
kenaz	kenaz	0.952	10
beriah	beriah	0.952	11
jazer	jazer	0.952	10
ashkelon	ashkelon	0.952	10
abner	abner	0.952	52
zephaniah	zephaniah	0.952	11
gog	gog	0.952	11
jeduthun	jeduthun	0.952	10
simon	simon	0.951	72
micah	micah	0.951	31
gaza	gaza	0.950	21
asher	asher	0.950	41
nadab	nadab	0.950	20
jezebel	jezebel	0.950	20
samuel	samuel	0.948	128
zoar	zoar	0.947	10
bethuel	bethuel	0.947	9
arba	arba	0.947	10
joab	joab	0.947	123
obadiah	obadiah	0.947	19
kir	kir	0.947	9
rezin	rezin	0.947	9
joah	joah	0.947	9
susa	susa	0.947	19
shelemiah	shelemiah	0.947	9
caiaphas	caiaphas	0.947	10
sarah	sarah	0.946	38
nahor	nahor	0.944	18
issachar	issachar	0.944	35
eliab	eliab	0.944	17
jehoiakim	jehoiakim	0.944	35
ezra	ezra	0.943	28
abimelech	abimelech	0.943	62
tubal	tubal	0.941	8
hebron	hebron	0.941	69
bozrah	bozrah	0.941	8
mushi	mushi	0.941	9
zin	zin	0.941	8
hazor	hazor	0.941	16
bicri	bichri	0.941	9
cilicia	cilicia	0.941	9
menahem	menahem	0.941	9
nehemiah	nehemiah	0.941	9
caesarea	caesarea	0.941	17
zebulun	zebulun	0.940	41
shiloh	shiloh	0.939	35
johanan	johanan	0.939	24
baruch	baruch	0.939	25
gilead	gilead	0.938	121
caleb	caleb	0.935	40
gomorrah	gomorrah	0.933	21
hur	hur	0.933	14
jonathan	jonathan	0.933	104
ahimaaz	ahimaaz	0.933	15
jeroboam	jeroboam	0.933	100
michael	michael	0.933	15
daniel	daniel	0.932	73
asaph	asaph	0.931	29
ahijah	ahijah	0.930	21
haman	haman	0.930	41
merari	merari	0.930	34
bela	bela	0.929	14
bani	bani	0.929	14
eliakim	eliakim	0.929	14
festus	festus	0.929	15
elam	elam	0.926	26
aaron	aaron	0.925	346
bethel	bethel	0.924	68
nebo	nebo	0.923	13
joppa	joppa	0.923	12
andrew	andrew	0.923	14
tyre	tyre	0.922	59
pilate	pilate	0.920	59
esther	esther	0.920	42
eden	eden	0.919	18
khoiju	honey	0.919	54
gilgal	gilgal	0.919	35
hadadezer	hadadezer	0.919	19
seraiah	seraiah	0.919	19
jeremiah	jeremiah	0.919	147
hilkiah	hilkiah	0.918	30
pharisee	pharisees	0.917	95
hamor	hamor	0.917	11
peor	peor	0.917	11
jair	jair	0.917	13
gezer	gezer	0.917	11
amoz	amoz	0.917	11
magdalene	magdalene	0.917	12
beersheba	beersheba	0.915	27
arnon	arnon	0.913	23
og	og	0.913	24
zeruiah	zeruiah	0.913	21
ramah	ramah	0.912	33
jordan	jordan	0.912	195
hezekiah	hezekiah	0.911	126
david	david	0.910	924
lamech	lamech	0.909	11
gerar	gerar	0.909	12
ophir	ophir	0.909	10
mahli	mahli	0.909	11
phinehas	phinehas	0.909	20
michal	michal	0.909	17
abinadab	abinadab	0.909	10
jehoshaphat	jehoshaphat	0.909	68
athaliah	athaliah	0.909	16
capernaum	capernaum	0.909	17
iscariot	iscariot	0.909	11
barabbas	barabbas	0.909	12
apollos	apollos	0.909	12
noah	noah	0.907	57
damascus	damascus	0.906	50
thinggi	acacia	0.906	25
rachel	rachel	0.905	50
pharaoh	pharaoh	0.904	220
succoth	succoth	0.903	14
jeshua	jeshua	0.903	33
jotham	jotham	0.902	27
saul	saul	0.901	354
paran	paran	0.900	9
dedan	dedan	0.900	10
kedar	kedar	0.900	9
deborah	deborah	0.900	10
elkanah	elkanah	0.900	20
hyssop	hyssop	0.900	9
zorah	zorah	0.900	10
jabesh	jabesh	0.900	19
hanani	hanani	0.900	10
ahaziah	ahaziah	0.900	30
hamath	hamath	0.899	34
seir	seir	0.899	31
manasseh	manasseh	0.898	128
jehoiada	jehoiada	0.898	49
baasha	baasha	0.898	23
shallum	shallum	0.898	23
balaam	balaam	0.898	68
eber	eber	0.897	13
heman	heman	0.897	15
elah	elah	0.897	14
myrrh	myrrh	0.897	13
ahitub	ahitub	0.897	14
malkijah	malchijah	0.897	14
benjamin	benjamin	0.896	169
absalom	absalom	0.895	84
nabal	nabal	0.895	20
asia	asia	0.895	20
joshua	joshua	0.894	204
nebat	nebat	0.894	22
uriah	uriah	0.892	35
mizpah	mizpah	0.892	34
jericho	jericho	0.891	61
en	en	0.889	18
korah	korah	0.889	29
er	er	0.889	10
gera	gera	0.889	9
barnea	barnea	0.889	8
jearim	jearim	0.889	18
ashdod	ashdod	0.889	18
bethlehem	bethlehem	0.889	52
manoah	manoah	0.889	13
nahash	nahash	0.889	9
micmash	michmash	0.889	9
achish	achish	0.889	16
barzillai	barzillai	0.889	8
adaiah	adaiah	0.889	9
eliel	eliel	0.889	8
tobiah	tobiah	0.889	13
sanballat	sanballat	0.889	8
titus	titus	0.889	15
ammon	ammon	0.886	104
solomon	solomon	0.885	285
isaiah	isaiah	0.885	60
isaac	isaac	0.885	146
rimmon	rimmon	0.882	16
thingkong	ark	0.882	162
ahaz	ahaz	0.881	43
eliezer	eliezer	0.880	11
mahanaim	mahanaim	0.880	13
horon	horon	0.880	13
agrippa	agrippa	0.880	13
jesse	jesse	0.878	39
maaseiah	maaseiah	0.878	18
samaria	samaria	0.878	124
bashan	bashan	0.878	46
rabbah	rabbah	0.875	18
naomi	naomi	0.875	27
abishai	abishai	0.875	24
naboth	naboth	0.875	14
hanan	hanan	0.875	14
gad	gad	0.873	88
asherah	asherah	0.873	34
xerxes	ahasuerus	0.873	25
ephesus	ephesus	0.872	22
elijah	elijah	0.871	115
gershom	gershom	0.870	10
amnon	amnon	0.870	24
shephatiah	shephatiah	0.870	10
bethany	bethany	0.870	11
martha	martha	0.870	11
adonijah	adonijah	0.868	27
mose	moses	0.867	751
sheba	sheba	0.866	35
esau	esau	0.865	85
antioch	antioch	0.865	19
jepthah	jephthah	0.863	25
abiathar	abiathar	0.863	22
peter	peter	0.862	198
shimei	shimei	0.861	39
gibeah	gibeah	0.861	37
assyria	assyria	0.857	144
laban	laban	0.857	57
ithamar	ithamar	0.857	15
hor	hor	0.857	14
riblah	riblah	0.857	10
mephibosheth	mephibosheth	0.857	15
hanun	hanun	0.857	11
kidron	kidron	0.857	10
pekah	remaliah	0.857	15
hoshea	hoshea	0.857	9
sennacherib	sennacherib	0.857	15
shaphan	shaphan	0.857	18
zerubbabel	zerubbabel	0.857	18
shecaniah	shecaniah	0.857	11
job	job	0.857	66
caesar	caesar	0.857	19
cornelius	cornelius	0.857	12
abel	abel	0.851	27
moab	moab	0.851	178
buhbang	snow	0.851	24
mary	mary	0.851	48
azariah	azariah	0.850	35
hazael	hazael	0.850	19
cyrus	cyrus	0.850	21
nineveh	nineveh	0.848	15
abigail	abigail	0.848	16
sana	gold	0.848	399
balak	balak	0.847	45
eglon	eglon	0.846	14
hashabiah	hashabiah	0.846	12
artaxerxes	artaxerxes	0.846	12
somko	ninety	0.844	21
reuben	reuben	0.844	87
judas	judas	0.844	35
khaodip	sackcloth	0.843	37
galilee	galilee	0.843	90
abram	abram	0.842	61
rehob	rehob	0.842	8
berekiah	berechiah	0.842	8
jezreel	jezreel	0.841	38
naphtali	naphtali	0.840	35
sarai	sarai	0.839	18
uzziel	uzziel	0.839	15
jehu	jehu	0.836	67
egypt	egypt	0.835	680
makir	machir	0.833	16
carmel	carmel	0.833	27
zobah	zobah	0.833	10
zedekiah	zedekiah	0.832	63
josiah	josiah	0.832	63
diabol	devil	0.831	32
micaiah	micaiah	0.830	26
herod	herod	0.830	53
rehoboam	rehoboam	0.830	52
ner	ner	0.828	13
gehazi	gehazi	0.828	17
joseph	joseph	0.826	273
abraham	abraham	0.826	222
eli	eli	0.825	31
jehoahaz	jehoahaz	0.824	15
judea	judea	0.824	40
barnabas	barnabas	0.824	40
satan	satan	0.821	64
boaz	boaz	0.821	32
nebuchadnezzar	nebuchadnezzar	0.821	69
daitwi	dew	0.820	26
abijah	abijah	0.820	34
megiddo	megiddo	0.818	10
gaal	gaal	0.818	13
shemaiah	shemaiah	0.818	27
jedaiah	jedaiah	0.818	9
john	john	0.817	176
sidon	sidon	0.815	46
jephunneh	jephunneh	0.815	11
amaziah	amaziah	0.815	42
jehiel	jehiel	0.815	14
samson	samson	0.814	48
kadesh	kadesh	0.814	31
babylon	babylon	0.812	317
geba	geba	0.812	14
anathoth	anathoth	0.812	17
shechem	shechem	0.811	54
ahab	ahab	0.811	103
beth	beth	0.811	89
gath	gath	0.810	43
ephraim	ephraim	0.810	120
songpheng	tablets	0.809	21
paul	paul	0.806	215
edom	edom	0.803	129
amen	amen	0.803	48
adah	adah	0.800	12
simeon	simeon	0.800	48
nahshon	nahshon	0.800	9
heshbon	heshbon	0.800	24
zimri	zimri	0.800	17
shemesh	shemesh	0.800	17
ahimelech	ahimelech	0.800	15
tekoa	tekoa	0.800	11
tarshish	tarshish	0.800	16
baal	baal	0.798	97
christa	christ	0.793	490
dangka	silver	0.792	271
kalchuh	passover	0.792	72
hiram	hiram	0.792	29
ishmael	ishmael	0.791	47
sinai	sinai	0.791	53
tupat	linen	0.789	63
sisera	sisera	0.789	20
elishama	elishama	0.786	11
jonah	jonah	0.786	28
gibeon	gibeon	0.785	44
rebekah	rebekah	0.783	39
goshem	goshen	0.783	9
izhar	izhar	0.783	13
geshur	geshur	0.783	14
macedonia	macedonia	0.780	18
jubilee	jubilee	0.778	17
lachish	lachish	0.778	15
muvanlai	eagle	0.776	26
philistine	philistines	0.775	210
israel	israel	0.774	2052
lengnu	queen	0.772	62
ehud	ehud	0.769	16
ishbosheth	ishbosheth	0.769	15
nazareth	nazareth	0.769	28
pumgo	burnt	0.768	272
jerusalem	jerusalem	0.767	775
cherubim	cherubim	0.766	50
hivi	hivite	0.765	17
jacob	jacob	0.764	354
tamar	tamar	0.762	36
recab	rechab	0.762	8
bethsheba	bathsheba	0.762	11
cyprus	cyprus	0.762	13
elizabeth	elizabeth	0.762	13
moulang	bridegroom	0.760	28
somli	forty	0.759	104
cedar	cedar	0.759	68
eleazer	eleazar	0.759	47
dragon	dragon	0.759	16
lazarus	lazarus	0.757	22
persia	persia	0.755	28
timothy	timothy	0.754	37
chapa	son	0.753	1456
meikhu	smoke	0.750	33
zerah	zerah	0.750	18
ziba	ziba	0.750	11
nebuzaradan	nebuzaradan	0.750	17
meshach	abednego	0.750	10
kaidong	collectors	0.750	17
sahem	beast	0.747	45
kohath	kohath	0.746	39
james	james	0.746	29
mitcho	blind	0.746	44
maacah	maacah	0.745	25
bongnoi	milk	0.744	37
amor	amorites	0.743	78
rephaim	rephaim	0.741	10
paipeh	baskets	0.741	12
araunah	ornan	0.741	17
zechariah	zechariah	0.738	60
houhil	teacher	0.736	52
baptize	baptized	0.735	69
judah	judah	0.734	812
jebus	jebusite	0.733	34
shelah	shelah	0.733	13
ponnem	linen	0.731	56
somthum	thirty	0.730	124
timnah	timnah	0.727	12
amminadab	amminadab	0.727	8
sumhei	millstone	0.727	14
benaiah	benaiah	0.727	25
jeiel	jeiel	0.727	12
keipi	lion	0.726	78
pakai	lord	0.726	4346
ai	ai	0.725	49
jingkah	morning	0.721	196
uzziah	uzziah	0.719	36
elisha	elisha	0.716	93
phalbi	winter	0.714	14
melchizedek	melchizedek	0.714	17
amei	tail	0.714	14
pathen	god	0.712	4838
ahi	the	0.711	18696
thupha	news	0.709	140
chihna	wisdom	0.704	201
lengpa	king	0.702	1394
suhlou	wheat	0.699	33
somgup	sixty	0.697	43
kum	years	0.697	599
amram	amram	0.696	11
nilhah	evening	0.695	113
rahab	rahab	0.692	12
thisan	blood	0.692	226
elbai	lame	0.691	23
periz	perizzite	0.690	16
sagi	seven	0.688	452
midian	midian	0.688	47
muthim	darkness	0.686	127
chimpei	whirlwind	0.684	18
vantil	angel	0.683	298
cholngah	sabbath	0.683	93
theichang	fig	0.682	43
chu	the	0.677	16704
eng	bronze	0.673	168
canaan	canaan	0.672	146
gamthip	wilderness	0.667	184
cholsolou	unleavened	0.667	26
joram	joram	0.667	25
mithase	sluggard	0.667	13
kel	famine	0.659	83
kangtalai	chariots	0.659	149
laltouna	throne	0.657	106
gershon	gershon	0.651	26
maicham	altar	0.648	549
hagar	hagar	0.645	19
syria	syria	0.645	88
somni	twenty	0.644	180
lhagao	spirit	0.643	410
molech	molech	0.640	17
thih	iron	0.639	108
leiset	earth	0.639	799
asa	asa	0.636	100
somget	eighty	0.636	30
namtin	nations	0.635	337
bego	frankincense	0.632	16
gambih	provinces	0.630	25
anih	uncover	0.629	13
naaman	naaman	0.629	20
longlou	loving	0.628	96
nukiso	eunuchs	0.625	24
bangkot	windows	0.622	22
sangongsao	camels	0.622	29
teman	eliphaz	0.621	15
meithai	widow	0.621	63
doithem	magicians	0.621	16
lenggam	kingdom	0.620	234
selepha	conscience	0.619	14
thilto	offering	0.618	503
ponsandup	purple	0.617	29
thaomei	lamp	0.616	70
kidah	abominations	0.616	71
thaikem	concubines	0.615	10
silas	silas	0.615	27
namkol	yoke	0.613	26
sangan	donkey	0.612	122
kelkot	gate	0.609	235
manna	manna	0.609	30
ram	aram	0.607	37
samul	wool	0.606	15
yeshua	jesus	0.605	869
somnga	fifty	0.604	71
zion	zion	0.603	71
lhepna	temptation	0.600	17
hise	pestilence	0.598	41
hit	hittite	0.597	40
ahsi	stars	0.595	63
nisa	sun	0.594	103
kolphe	lightning	0.593	25
amon	amon	0.593	34
heicha	ax	0.593	14
semphatna	repair	0.593	14
houbuh	tabernacle	0.592	179
achop	kissed	0.591	20
hebrew	hebrews	0.588	47
cheptan	circumcision	0.588	35
feet	cubits	0.585	69
keiman	i	0.585	2744
mitlhi	tears	0.585	25
joash	joash	0.584	46
ponlap	banner	0.581	18
aten	measured	0.581	18
solam	east	0.580	126
gul	serpent	0.580	40
neldi	sand	0.580	41
gangpi	oak	0.579	18
uicha	dog	0.579	23
sumkon	trumpet	0.576	60
upa	elders	0.573	199
changlhah	bread	0.573	241
vapal	turtledoves	0.571	18
gideon	gideon	0.571	53
selangdah	harps	0.571	29
ahikam	ahikam	0.571	8
jan	night	0.570	209
tengcha	spear	0.568	38
thingpel	cross	0.564	45
kolbuthei	pomegranates	0.562	16
loupina	glory	0.562	245
changbong	flour	0.561	62
chidang	gentiles	0.561	138
phaicham	valley	0.561	177
songpi	rock	0.560	96
levite	levites	0.560	130
jehoram	jehoram	0.560	29
nili	fourteenth	0.558	19
twikhanglen	sea	0.558	204
changpol	straw	0.556	21
benhadad	ben	0.556	25
chemjam	sword	0.555	173
gamgi	border	0.555	100
bahkai	lion	0.552	84
a	the	0.551	12050
ephah	tenths	0.550	27
ruth	ruth	0.550	27
somleni	twelve	0.546	63
themgao	prophets	0.546	419
in	the	0.545	12598
solchah	apostles	0.544	76
bongnou	calf	0.543	59
chaokol	rings	0.542	25
lallukhuh	crown	0.542	47
kisil	bathe	0.541	48
kitepna	covenant	0.538	340
thempu	priest	0.538	595
chonset	sin	0.537	477
leingan	clay	0.537	13
ahamhing	pasture	0.536	31
miching	wise	0.535	107
gup	six	0.535	132
khaokhote	locusts	0.533	9
leibel	earthen	0.533	19
kengchot	sandals	0.533	17
thulem	parables	0.533	27
miphalhem	hypocrites	0.533	11
nga	five	0.533	426
dokhang	table	0.532	60
ling	thorns	0.532	66
chanu	daughter	0.532	191
vakhu	dove	0.531	29
lhathah	moons	0.529	23
abah	branches	0.528	62
lekhajol	scroll	0.528	49
thao	oil	0.526	197
thokitna	resurrection	0.525	20
goliath	philistine	0.524	14
thilha	demons	0.523	39
olive	oil	0.523	138
gamsa	animals	0.520	87
shekel	shekels	0.520	35
lonna	flowing	0.519	27
mingol	fool	0.516	117
changphol	threshing	0.516	17
mitva	seer	0.516	10
hemtah	sharp	0.514	16
chamna	peace	0.514	165
kisilna	basin	0.513	23
ethiopia	ethiopia	0.513	22
hadad	hadad	0.511	14
akisop	bathe	0.509	29
kut	passover	0.508	164
khopi	city	0.508	1358
ngaidam	forgive	0.507	82
amalek	amalek	0.507	43
tong	cubits	0.506	113
lengpilei	vineyard	0.505	48
kinepna	hope	0.504	93
li	four	0.500	212
athao	fat	0.500	43
matah	early	0.500	49
tujan	tonight	0.500	22
tongkhat	cubit	0.500	8
pheng	loaves	0.500	52
santhei	accepted	0.500	23
aphondohna	pronounce	0.500	11
gamvaipo	governor	0.500	65
tumthing	palm	0.500	12
jehoash	jehoash	0.500	21
twilutsah	baptizer	0.500	21
sakol	horses	0.497	231
hampa	grass	0.495	44
lhaving	wings	0.494	27
tongkha	touches	0.493	27
kipana	news	0.493	270
lot	lot	0.493	42
lasa	singers	0.491	19
innei	ships	0.490	18
hinnanei	creatures	0.489	15
sahlam	north	0.488	90
milham	simple	0.488	22
sum	bronze	0.485	315
vannoi	world	0.485	332
eleazar	eleazar	0.484	26
kelchal	male	0.482	87
beniah	benaiah	0.481	13
aphoh	rebuked	0.480	23
nolna	defect	0.479	57
hongcha	porch	0.479	38
ding	will	0.478	8811
kelngoinou	lamb	0.477	53
kijihna	chronicles	0.476	25
namdang	gentiles	0.476	155
jako	nine	0.475	14
gaothu	prophesy	0.474	81
thuchih	proverb	0.474	21
ponbuh	tent	0.473	147
mohor	sealed	0.473	30
ajing	next	0.473	87
vachate	birds	0.472	37
vacha	bird	0.471	82
gucha	thief	0.471	44
alhaving	wings	0.471	23
twikol	island	0.471	25
thinglhang	hill	0.470	114
yeshuan	jesus	0.469	584
leivui	dust	0.468	48
ngahmun	encamped	0.467	186
apeng	firstborn	0.466	76
sakei	den	0.465	28
tibah	members	0.465	18
lhumlam	west	0.465	93
niget	eighth	0.464	20
nungah	virgin	0.462	74
anah	anah	0.462	29
kokhuh	pit	0.462	47
tantih	continual	0.459	21
niseh	daily	0.458	51
ompho	breastplate	0.457	46
louchal	stubbornness	0.457	23
jehozadak	zerubbabel	0.457	11
nipilai	summer	0.457	10
thohhatna	perseverance	0.457	10
talent	talents	0.456	22
thusimbu	chronicles	0.456	19
bongchal	bull	0.456	229
hu	breath	0.455	46
khon	cup	0.455	100
ati	said	0.455	3213
pondum	blue	0.455	16
songko	cave	0.453	22
availam	width	0.452	34
kilhaina	sacrifice	0.450	240
kikah	between	0.449	122
alenpen	greatest	0.449	25
kikhopna	synagogue	0.448	72
adatmo	marveled	0.448	33
kahi	am	0.448	643
levi	levites	0.446	215
anu	mother	0.444	179
hui	wind	0.444	68
songkul'a	prison	0.444	71
khaokho	locusts	0.444	15
hepi	seat	0.444	28
pengkul	blew	0.444	20
arabah	arabah	0.444	9
vanho	heavens	0.444	55
tunia	today	0.444	107
phatthei	blessed	0.443	298
lhosohga	meal	0.443	49
tonsot	eternal	0.443	209
hetna	knowledge	0.441	131
kinong	waves	0.441	43
moljol	poles	0.441	15
kinu	anointing	0.440	24
jehoiachin	jehoiachin	0.440	38
akhetbeh	crucified	0.440	13
thutah	truth	0.440	142
konggah	ephod	0.438	33
kicha	afraid	0.436	127
sopinu	sister	0.435	40
hesbon	heshbon	0.435	10
mihatpa	philistine	0.435	18
chaga	fatherless	0.433	17
gammang	forest	0.433	85
lengpitwi	wine	0.432	109
abot	tore	0.431	15
sagoh	naked	0.429	24
semjang	stringed	0.429	34
agilkel	hungry	0.429	22
thum	three	0.428	293
lengte	chronicles	0.427	93
kelngoichal	rams	0.427	43
kivei	merchants	0.426	25
ajung	roots	0.426	28
vadung	jordan	0.425	297
vutvam	ashes	0.423	14
kinahna	strife	0.423	17
vaipi	nations	0.422	187
amut	blew	0.421	32
meilhum	furnace	0.421	26
meithaiho	widows	0.421	13
sahlang	north	0.421	63
huhhingpu	savior	0.421	18
chunglam	upward	0.420	31
jalkhun	bed	0.419	34
gelchang	hail	0.419	12
melchihna	signs	0.418	122
gaosap	curse	0.418	63
lamkaipa	captain	0.417	40
ko	nine	0.417	51
noti	prostitution	0.416	43
ipi	what	0.413	969
lhankhuh	sheol	0.413	58
lekhabua	book	0.412	92
song	stone	0.412	224
chule	and	0.411	6847
muchi	seed	0.411	85
insang	towers	0.410	23
chal	ram	0.410	105
aseijuite	disciples	0.410	87
chun	the	0.410	7839
na	your	0.409	4421
thalah	hired	0.408	15
kelngoi	sheep	0.408	449
ajipa	husband	0.407	57
thalchang	arrows	0.406	25
thina	death	0.406	277
abohkhup	bowed	0.406	63
adam	adam	0.405	55
chep	circumcised	0.405	42
hih	don	0.404	635
hinna	life	0.403	192
lengho	kings	0.402	95
pakaiyin	lord	0.401	1848
aseiye	says	0.400	668
thingphung	tree	0.400	127
kalbi	steps	0.400	27
hapta	week	0.400	33
asakol	chariot	0.400	32
kamatsah	punish	0.400	28
houvaipoloi	council	0.400	9
judate	jews	0.398	107
saki	horns	0.396	45
sanga	than	0.396	268
hatchungnung	armies	0.396	174
lhanglam	south	0.396	67
thutep	promise	0.395	39
somsagi	seventy	0.394	37
avai	width	0.393	36
touna	seat	0.393	64
kiselna	refuge	0.393	34
kingaidam	forgiven	0.393	15
houbung	assembly	0.393	126
get	eight	0.392	124
huhhingna	salvation	0.391	57
jona	overcomes	0.390	29
adung	length	0.390	40
atahsan	believed	0.390	152
aneopen	least	0.388	34
euphrates	river	0.388	33
talen	punish	0.388	56
ni	two	0.388	753
tenggol	rod	0.388	55
numei	woman	0.387	554
gideonin	gideon	0.387	24
indan	room	0.387	109
avun	skin	0.386	22
ngailutna	loving	0.386	166
akitol	traveled	0.386	88
patep	test	0.386	27
tolthat	murderer	0.386	41
hopsom	tithe	0.385	34
dangchah	thirst	0.385	27
jakhat	hundred	0.384	143
twiya	bathe	0.384	47
milim	idols	0.384	189
twi	water	0.383	423
van	heaven	0.383	391
go	rain	0.382	119
ka	my	0.381	2046
gimnamtwi	incense	0.381	44
greek	greeks	0.381	25
thusim	acts	0.380	90
nekha	eats	0.379	13
muntheng	sanctuary	0.378	140
tahsan	faith	0.378	393
thilmu	visions	0.377	25
chingho	shepherds	0.377	25
mithengte	saints	0.376	29
pocha	basket	0.375	16
keima	i	0.375	2064
thet	abomination	0.373	86
meilom	cloud	0.373	38
tumging	instruments	0.372	40
mithat	slayer	0.372	24
mile	reeds	0.372	24
mark	mark	0.372	11
kaseipeh	certainly	0.372	157
aponsil	clothes	0.372	65
thing	wood	0.371	225
pao	languages	0.371	65
doi	idols	0.371	145
kholjin	foreigner	0.371	67
sang	thousand	0.371	445
nipi	summer	0.370	29
chagate	fatherless	0.370	11
danthu	law	0.370	171
atheng	unclean	0.370	173
thangvahna	thanksgiving	0.369	71
thaotwi	oil	0.369	49
molsang	mountains	0.368	179
thempupa	priest	0.368	121
sumil	forget	0.367	42
kathangvah	thank	0.367	27
natna	plague	0.367	129
jouse	all	0.366	2922
nun	nun	0.366	111
jagup	six	0.365	44
dah	abominations	0.365	40
kumkhat	lambs	0.365	52
houin	house	0.364	606
songkul	prison	0.364	57
amanu	she	0.363	372
theng	holy	0.362	379
michonse	sinner	0.361	39
nidan	hour	0.360	28
akal	kidneys	0.360	36
thokit	resurrection	0.360	9
geldoh	remember	0.359	145
akap	wept	0.359	63
huipi	storm	0.359	44
khoho	villages	0.358	21
thuneina	authority	0.356	102
lhan	tomb	0.355	139
apeovin	pasture	0.355	26
asang	thousands	0.355	71
kiseina	interpretation	0.354	41
le	and	0.353	5398
vanthamjol	expanse	0.353	37
chapate	sons	0.353	282
jalamkai	centurion	0.353	30
nikho	day	0.352	607
athat	killed	0.352	145
gotwi	rain	0.351	29
naobu	womb	0.351	24
pondal	curtains	0.351	74
amoh	remnant	0.350	113
rome	centurion	0.350	59
polam	outer	0.349	35
hettohsah	witness	0.349	60
kithol	creeping	0.348	20
avui	buried	0.348	37
ami	endures	0.348	98
atomjol	overlaid	0.348	12
galvon	armor	0.348	27
phabep	some	0.348	361
kipah	rejoice	0.347	200
phulahna	vengeance	0.346	11
meibol	cloud	0.346	37
akang	wheels	0.345	35
kicholdo	traveled	0.345	62
kamang	dream	0.345	28
thuguh	mystery	0.345	36
amaho	them	0.344	2729
twikul	pool	0.343	48
touthem	horsemen	0.343	17
mivaicha	poor	0.343	47
vantilte	angels	0.342	21
ben	hinnom	0.340	36
amal	thigh	0.340	15
doikhom	asherah	0.340	10
sungnung	inner	0.340	34
shemiah	shemaiah	0.340	8
ajam	fled	0.340	68
thutan	judges	0.340	149
ngolna	folly	0.339	20
tiphah	leprosy	0.339	28
athiphat	slept	0.339	10
apu	fathers	0.339	144
doumah	rebellious	0.339	84
sangkhol	tunic	0.338	53
dup	purple	0.338	13
ao	blue	0.338	21
solchahho	apostles	0.337	23
vannoiya	world	0.337	80
khopile	pasture	0.337	20
thilse	evil	0.336	258
ho	the	0.335	5864
sopipa	brother	0.334	76
aman	he	0.334	2197
mut	trumpets	0.333	22
khao	thorns	0.333	59
lengvai	reigned	0.333	84
akisem	encamped	0.333	75
jung	finger	0.333	33
aledohna	interpretation	0.333	10
mikhoto	merciful	0.333	13
naneh	eat	0.333	136
semthu	gods	0.333	201
vah	light	0.332	166
kidang	signs	0.332	203
amahon	they	0.330	1525
apa	father	0.330	286
kagu	bones	0.330	20
masapen	firstborn	0.330	87
toupa	horse	0.329	33
ahung	came	0.328	2233
gaosapna	cursed	0.328	43
sangin	than	0.327	163
phajo	better	0.327	41
lengpan	king	0.327	454
diu	shall	0.327	2669
pipui	chief	0.327	57
huhhing'a	saved	0.326	34
adonbut	answered	0.325	527
konga	sail	0.324	53
thalpi	bow	0.324	39
iti	how	0.323	399
lungsetna	grace	0.323	88
hijeh	therefore	0.323	1299
abraham'in	abraham	0.322	67
hamhing	grass	0.322	61
twinah	spring	0.322	38
vutvai	dust	0.322	33
ajeh	for	0.321	2419
numeinu	woman	0.321	134
chi	salt	0.320	35
lhingsa	defect	0.320	36
thah	new	0.320	169
antipas	herod	0.320	9
ajinu	wife	0.320	96
imut	sleep	0.319	22
chapangpa	boy	0.319	31
napu	fathers	0.318	124
gojuh	rain	0.318	22
nolnabei	defect	0.317	37
khat	one	0.316	2764
michonpha	righteous	0.316	70
lathah	song	0.316	9
hi	the	0.315	5985
honlei	garden	0.314	25
cherub	cherubim	0.314	13
thempuho	priests	0.314	86
nungahnu	lady	0.314	15
akha	bitter	0.314	17
nulou	fatherless	0.314	8
kul	fortified	0.313	30
gamna	plagues	0.312	40
pahcha	flower	0.312	43
galmanchah	armed	0.312	24
hiche	this	0.312	5171
mihonpi	multitudes	0.311	107
thupeh	commanded	0.311	597
lhathum	months	0.310	14
at	harvest	0.309	92
aphajoi	better	0.309	31
som	ten	0.308	419
vai	reign	0.308	172
avet	examine	0.308	70
atunna	sockets	0.308	26
ngaidama	forgiven	0.308	11
lengpigui	vine	0.308	20
vaipopa	officer	0.308	21
thangvah	thanks	0.305	157
asopinu	sister	0.305	24
damlou	sick	0.305	26
migilou	wicked	0.304	95
phattheina	blessing	0.304	60
miphalou	wicked	0.303	103
arameans	syrians	0.303	10
min	name	0.303	447
judahh	asa	0.302	32
mikiletsah	proud	0.302	12
ajehbei	vanity	0.302	10
athutep	promise	0.301	26
kijumso	disappointed	0.301	12
mihem	man	0.301	880
taona	prayer	0.301	111
jong	and	0.301	5454
ganhing	creeping	0.301	87
chate	children	0.300	500
naosen	child	0.300	84
sathao	fat	0.300	15
eh	dung	0.300	36
